Name ,Age,Career Gap,Experience,Domain,Location,EstimatedSalary,Role,
Olivia,19,8,6,Media,Texas,19000,Reporter,
Emily,35,10,2,Pyschology,New Jersey,20000,Counsellor,
Isla,26,3,2,Information Technology,Alaska,43000,Software Developer,
Sophie,27,10,8,Pyschology,Illinois,57000,Counsellor,
Ella,19,3,2,Media,Georgia,76000,Reporter,
Ava,27,10,3,Information Technology,Alaska,58000,Infrastructure Engineer,
Amelia,27,10,2,Human Resources,Georgia,84000,Recruiter,
Grace,32,6,2,Legal,Texas,150000,Lawyer,
Freya,25,10,8,Culinary,Illinois,33000,Chef,
Charlotte,35,10,2,Information Technology,Alaska,65000,Infrastructure Engineer,
Jessica,26,20,2,Information Technology,Illinois,80000,Test Engineer,
Lucy,26,3,5,Human Resources,Georgia,52000,Recruiter,
Ellie,20,10,6,Media,Alaska,86000,Reporter,
Sophia,32,4,2,Culinary,Alaska,18000,Chef,
Aria,18,10,2,Interior Design,Texas,82000,Architect,
Lily,29,2,7,Interior Design,Alaska,80000,Architect,
Harper,47,10,2,Information Technology,Georgia,25000,Software Developer,
Mia,45,5,2,Human Resources,Alaska,26000,Recruiter,
Rosie,46,10,3,Media,Illinois,28000,Reporter,
Millie,48,3,2,Culinary,Arizona,29000,Chef,
Evie,45,10,2,Human Resources,Texas,22000,Recruiter,
Eilidh,47,12,1,Information Technology,Illinois,49000,Software Developer,
Ruby,48,4,2,Information Technology,Arizona,41000,Test Engineer,
Willow,45,10,2,Information Technology,Georgia,22000,Infrastructure Engineer,
Anna,46,11,2,Information Technology,New York,23000,Software Developer,
Maisie,47,13,2,Project Management,Arizona,20000,Manager,
Hannah,49,9,7,Legal,New York,28000,Lawyer,
Eva,47,10,2,Medicine,Georgia,30000,Doctor,
Chloe,29,10,8,Legal,California,43000,Lawyer,
Mila,31,10,2,Project Management,Arizona,18000,Manager,
Orla,31,2,2,Interior Design,Georgia,74000,Architect,
Isabella,27,10,6,Pyschology,New York,137000,Counsellor,
Ivy,21,6,2,Pyschology,Texas,16000,Counsellor,
Emma,28,10,2,Legal,New York,44000,Lawyer,
Georgia,27,5,2,Medicine,Illinois,90000,Doctor,
Poppy,35,10,6,Culinary,New Jersey,27000,Chef,
Robyn,33,10,2,Interior Design,Arizona,28000,Architect,
Daisy,30,5,5,Project Management,Illinois,49000,Manager,
Zara,26,10,2,Culinary,New Jersey,72000,Chef,
Gracie,27,9,2,Medicine,Arizona,31000,Doctor,
Holly,27,14,2,Human Resources,Georgia,17000,Manager,
Skye,33,6,3,Information Technology,California,51000,Software Developer,
Esme,35,10,2,Information Technology,Arizona,108000,Test Engineer,
Sofia,30,6,9,Information Technology,Alaska,15000,Infrastructure Engineer,
Erin,28,10,2,Information Technology,Texas,84000,Software Developer,
Hallie,23,8,2,Project Management,Alaska,20000,Manager,
Molly,25,10,2,Information Technology,New York,79000,Software Developer,
Ayla,27,5,8,Pyschology,New Jersey,54000,Counsellor,
Emilia,30,20,2,Pyschology,New York,135000,Counsellor,
Layla,31,4,7,Media,Texas,89000,Reporter,
Katie,24,8,6,Media,Texas,32000,Reporter,
Sienna,18,10,2,Pyschology,New Jersey,44000,Counsellor,
Niamh,29,3,2,Information Technology,Alaska,83000,Software Developer,
Alice,35,10,8,Pyschology,Illinois,23000,Counsellor,
Amber,27,3,2,Media,Georgia,58000,Reporter,
Bonnie,24,10,3,Information Technology,Alaska,55000,Infrastructure Engineer,
Maya,23,10,2,Human Resources,Georgia,48000,Recruiter,
Zoe,28,6,2,Legal,Texas,79000,Lawyer,
Ada,22,10,8,Culinary,Illinois,18000,Chef,
Hollie,32,8,2,Information Technology,Alaska,117000,Infrastructure Engineer,
Bella,27,20,2,Information Technology,Illinois,20000,Test Engineer,
Luna,25,10,5,Human Resources,Georgia,87000,Recruiter,
Thea,23,11,6,Media,Alaska,66000,Reporter,
Rose,32,12,2,Culinary,Alaska,120000,Chef,
Abigail,59,13,2,Interior Design,Texas,83000,Architect,
Summer,24,2,7,Interior Design,Alaska,58000,Architect,
Callie,24,10,2,Information Technology,Georgia,19000,Software Developer,
Hope,23,5,2,Human Resources,Alaska,82000,Recruiter,
Lexi,22,10,3,Media,Illinois,63000,Reporter,
Iona,31,10,2,Culinary,Arizona,68000,Chef,
Elsie,25,6,2,Human Resources,Texas,80000,Recruiter,
Leah,24,10,1,Information Technology,Illinois,27000,Software Developer,
Scarlett,20,4,2,Information Technology,Arizona,23000,Test Engineer,
Julia,33,10,2,Information Technology,Georgia,113000,Infrastructure Engineer,
Violet,32,5,2,Information Technology,New York,18000,Software Developer,
Myla,34,6,2,Project Management,Arizona,112000,Manager,
Harley,18,7,7,Legal,New York,52000,Lawyer,
Eve,22,8,2,Medicine,Georgia,27000,Doctor,
Imogen,28,10,8,Legal,California,87000,Lawyer,
Elizabeth,26,10,2,Project Management,Arizona,17000,Manager,
Cora,30,2,2,Interior Design,Georgia,80000,Architect,
Florence,39,10,6,Pyschology,New York,42000,Counsellor,
Georgie,20,10,2,Pyschology,Texas,49000,Counsellor,
Lilly,35,10,2,Legal,New York,88000,Lawyer,
Matilda,30,5,2,Medicine,Illinois,62000,Doctor,
Mirren,31,10,6,Culinary,New Jersey,118000,Chef,
Phoebe,24,10,2,Interior Design,Arizona,55000,Architect,
Rowan,28,5,5,Project Management,Illinois,85000,Manager,
Lola,26,10,2,Culinary,New Jersey,81000,Chef,
Aurora,35,9,2,Medicine,Arizona,50000,Doctor,
Evelyn,22,10,2,Human Resources,Georgia,81000,Manager,
Brooke,30,6,3,Information Technology,California,116000,Software Developer,
Clara,26,10,2,Information Technology,Arizona,15000,Test Engineer,
Lucie,29,6,9,Information Technology,Alaska,28000,Infrastructure Engineer,
Sadie,29,10,2,Information Technology,Texas,83000,Software Developer,
Cara,35,8,2,Project Management,Alaska,44000,Manager,
Darcy,35,10,2,Information Technology,New York,25000,Software Developer,
Nova,28,10,8,Pyschology,New Jersey,123000,Counsellor,
Penelope,35,40,2,Pyschology,New York,73000,Counsellor,
Abbie,28,10,7,Media,Texas,37000,Reporter,
Aila,27,8,6,Media,Texas,88000,Reporter,
Ailsa,28,10,2,Pyschology,New Jersey,59000,Counsellor,
Aoife,32,3,2,Information Technology,Alaska,86000,Software Developer,
Lottie,33,10,8,Pyschology,Illinois,149000,Counsellor,
Lyla,19,3,2,Media,Georgia,21000,Reporter,
Maria,21,10,3,Information Technology,Alaska,72000,Infrastructure Engineer,
Alba,26,10,2,Human Resources,Georgia,35000,Recruiter,
Arya,27,6,2,Legal,Texas,89000,Lawyer,
Eden,26,10,8,Culinary,Illinois,86000,Chef,
Lucia,38,10,2,Information Technology,Alaska,80000,Infrastructure Engineer,
Penny,39,20,2,Information Technology,Illinois,71000,Test Engineer,
Remi,37,10,5,Human Resources,Georgia,71000,Recruiter,
Flora,38,10,6,Media,Alaska,61000,Reporter,
Heidi,37,10,2,Culinary,Alaska,55000,Chef,
Mollie,42,10,2,Interior Design,Texas,80000,Architect,
Sarah,40,2,7,Interior Design,Alaska,57000,Architect,
Arabella,35,10,2,Information Technology,Georgia,75000,Software Developer,
Eleanor,36,5,2,Human Resources,Alaska,52000,Recruiter,
Hanna,40,10,3,Media,Illinois,59000,Reporter,
Harriet,41,10,2,Culinary,Arizona,59000,Chef,
Lara,36,10,2,Human Resources,Texas,75000,Recruiter,
Mya,37,10,1,Information Technology,Illinois,72000,Software Developer,
Harlow,40,4,2,Information Technology,Arizona,75000,Test Engineer,
Naomi,35,5,2,Information Technology,Georgia,53000,Infrastructure Engineer,
Rebecca,41,6,2,Information Technology,New York,51000,Software Developer,
Halle,39,7,2,Project Management,Arizona,61000,Manager,
Lena,42,8,7,Legal,New York,65000,Lawyer,
Nina,26,9,2,Medicine,Georgia,32000,Doctor,
Annie,30,10,8,Legal,California,17000,Lawyer,
Darcie,26,11,2,Project Management,Arizona,84000,Manager,
Eliza,31,2,2,Interior Design,Georgia,58000,Architect,
Faith,33,10,6,Pyschology,New York,31000,Counsellor,
Iris,30,10,2,Pyschology,Texas,87000,Counsellor,
Piper,21,10,2,Legal,New York,68000,Lawyer,
Quinn,28,5,2,Medicine,Illinois,55000,Doctor,
Amy,23,10,6,Culinary,New Jersey,63000,Chef,
Paige,20,10,2,Interior Design,Arizona,82000,Architect,
Rachel,30,5,5,Project Management,Illinois,107000,Manager,
Amelie,28,10,2,Culinary,New Jersey,59000,Chef,
Gabriella,19,9,2,Medicine,Arizona,25000,Doctor,
Indie,19,10,2,Human Resources,Georgia,85000,Manager,
Kayla,18,6,3,Information Technology,California,68000,Software Developer,
Savannah,35,10,2,Information Technology,Arizona,59000,Test Engineer,
Alyssa,30,6,9,Information Technology,Alaska,89000,Infrastructure Engineer,
Bethany,34,10,2,Information Technology,Texas,25000,Software Developer,
Emilie,24,8,2,Project Management,Alaska,89000,Manager,
Lacey,27,10,2,Information Technology,New York,96000,Software Developer,
Riley,41,10,8,Pyschology,New Jersey,30000,Counsellor,
Rosa,29,40,2,Pyschology,New York,61000,Counsellor,
Autumn,20,10,7,Media,Texas,74000,Reporter,
Hayley,26,8,6,Media,Texas,15000,Reporter,
Edith,41,10,2,Pyschology,New Jersey,45000,Counsellor,
Jorgie,31,3,2,Information Technology,Alaska,76000,Software Developer,
Ayda,36,10,8,Pyschology,Illinois,50000,Counsellor,
Elena,40,3,2,Media,Georgia,47000,Reporter,
Lillie,31,10,3,Information Technology,Alaska,15000,Infrastructure Engineer,
Madison,46,10,2,Human Resources,Georgia,59000,Recruiter,
Alexandra,29,6,2,Legal,Texas,75000,Lawyer,
Blake,26,10,8,Culinary,Illinois,30000,Chef,
Caitlin,32,10,2,Information Technology,Alaska,135000,Infrastructure Engineer,
Jasmine,32,20,2,Information Technology,Illinois,100000,Test Engineer,
Martha,25,10,5,Human Resources,Georgia,90000,Recruiter,
Sara,37,13,6,Media,Alaska,33000,Reporter,
Elise,35,10,2,Culinary,Alaska,38000,Chef,
Isobel,33,7,2,Interior Design,Texas,69000,Architect,
Orlagh,18,2,7,Interior Design,Alaska,86000,Architect,
Skylar,22,10,2,Information Technology,Georgia,55000,Software Developer,
Ariana,35,5,2,Human Resources,Alaska,71000,Recruiter,
Connie,29,10,3,Media,Illinois,148000,Reporter,
Darcey,29,17,2,Culinary,Arizona,47000,Chef,
Francesca,21,10,2,Human Resources,Texas,88000,Recruiter,
Frankie,34,12,1,Information Technology,Illinois,115000,Software Developer,
Macie,26,4,2,Information Technology,Arizona,118000,Test Engineer,
Zoey,34,10,2,Information Technology,Georgia,43000,Infrastructure Engineer,
Aaliyah,34,10,2,Information Technology,New York,72000,Software Developer,
Beth,23,8,2,Project Management,Arizona,28000,Manager,
Ellis,35,10,7,Legal,New York,47000,Lawyer,
Lois,25,14,2,Medicine,Georgia,22000,Doctor,
Megan,24,10,8,Legal,California,23000,Lawyer,
Stella,31,11,2,Project Management,Arizona,34000,Manager,
Victoria,26,2,2,Interior Design,Georgia,16000,Architect,
April,31,10,6,Pyschology,New York,71000,Counsellor,
Nora,32,10,2,Pyschology,Texas,117000,Counsellor,
Olive,33,10,2,Legal,New York,43000,Lawyer,
Ariah,33,5,2,Medicine,Illinois,60000,Doctor,
Cali,31,10,6,Culinary,New Jersey,66000,Chef,
Eloise,20,10,2,Interior Design,Arizona,82000,Architect,
Keira,33,5,5,Project Management,Illinois,41000,Manager,
Marnie,35,10,2,Culinary,New Jersey,72000,Chef,
Tilly,28,9,2,Medicine,Arizona,32000,Doctor,
Annabelle,24,10,2,Human Resources,Georgia,84000,Manager,
Hazel,19,6,3,Information Technology,California,26000,Software Developer,
Libby,29,10,2,Information Technology,Arizona,43000,Test Engineer,
Lydia,19,6,9,Information Technology,Alaska,70000,Infrastructure Engineer,
Maja,28,10,2,Information Technology,Texas,89000,Software Developer,
Nicole,34,8,2,Project Management,Alaska,43000,Manager,
Orlaith,30,10,2,Information Technology,New York,79000,Software Developer,
River,20,10,8,Pyschology,New Jersey,36000,Counsellor,
Belle,26,40,2,Pyschology,New York,80000,Counsellor,
Isabelle,35,10,7,Media,Texas,22000,Reporter,
Lexie,35,8,6,Media,Texas,39000,Reporter,
Marley,49,10,2,Pyschology,New Jersey,74000,Counsellor,
Rhea,39,3,2,Information Technology,Alaska,134000,Software Developer,
Zofia,41,10,8,Pyschology,Illinois,71000,Counsellor,
Zuzanna,58,3,2,Media,Georgia,101000,Reporter,
Addison,47,10,3,Information Technology,Alaska,47000,Infrastructure Engineer,
Billie,55,10,2,Human Resources,Georgia,130000,Recruiter,
Charlie,52,6,2,Legal,Texas,114000,Lawyer,
Cleo,40,10,8,Culinary,Illinois,142000,Chef,
Lana,46,10,2,Information Technology,Alaska,22000,Infrastructure Engineer,
Lauren,48,20,2,Information Technology,Illinois,96000,Test Engineer,
Maddison,52,10,5,Human Resources,Georgia,150000,Recruiter,
Maia,59,10,6,Media,Alaska,42000,Reporter,
Mylah,35,10,2,Culinary,Alaska,58000,Chef,
Nola,47,10,2,Interior Design,Texas,43000,Architect,
Blair,60,2,7,Interior Design,Alaska,108000,Architect,
Elle,49,10,2,Information Technology,Georgia,65000,Software Developer,
Liliana,40,5,2,Human Resources,Alaska,78000,Recruiter,
Maeve,46,10,3,Media,Illinois,96000,Reporter,
Natalia,59,10,2,Culinary,Arizona,143000,Chef,
Payton,41,10,2,Human Resources,Texas,80000,Recruiter,
Saoirse,35,10,1,Information Technology,Illinois,91000,Software Developer,
Talia,37,4,2,Information Technology,Arizona,144000,Test Engineer,
Anastasia,60,10,2,Information Technology,Georgia,102000,Infrastructure Engineer,
Bailey,35,10,2,Information Technology,New York,60000,Software Developer,
Brooklyn,37,10,2,Project Management,Arizona,53000,Manager,
Charley,36,10,7,Legal,New York,126000,Lawyer,
Erica,56,10,2,Medicine,Georgia,133000,Doctor,
Helena,40,10,8,Legal,California,72000,Lawyer,
Jessie,42,10,2,Project Management,Arizona,80000,Manager,
Khloe,35,2,2,Interior Design,Georgia,147000,Architect,
Laura,39,10,6,Pyschology,New York,42000,Counsellor,
Maci,40,10,2,Pyschology,Texas,107000,Counsellor,
Macy,49,10,2,Legal,New York,86000,Lawyer,
Mara,38,5,2,Medicine,Illinois,112000,Doctor,
Romi,46,10,6,Culinary,New Jersey,79000,Chef,
Aimee,40,10,2,Interior Design,Arizona,57000,Architect,
Alisha,37,5,5,Project Management,Illinois,80000,Manager,
Ciara,46,10,2,Culinary,New Jersey,82000,Chef,
Emelia,53,9,2,Medicine,Arizona,143000,Doctor,
Emmie,42,10,2,Human Resources,Georgia,149000,Manager,
Leia,38,6,3,Information Technology,California,59000,Software Developer,
Lyra,50,10,2,Information Technology,Arizona,88000,Test Engineer,
Miley,56,6,9,Information Technology,Alaska,104000,Infrastructure Engineer,
Nadia,41,10,2,Information Technology,Texas,72000,Software Developer,
Nieve,51,8,2,Project Management,Alaska,146000,Manager,
Peyton,35,10,2,Information Technology,New York,50000,Software Developer,
Astrid,57,10,8,Pyschology,New Jersey,122000,Counsellor,
Caoimhe,41,40,2,Pyschology,New York,52000,Counsellor,
Cerys,35,10,7,Media,Texas,97000,Reporter,
Eliana,44,8,6,Media,Texas,39000,Reporter,
Elodie,37,10,2,Pyschology,New Jersey,52000,Counsellor,
Islay,48,3,2,Information Technology,Alaska,134000,Software Developer,
Laila,37,10,8,Pyschology,Illinois,146000,Counsellor,
Lilah,50,3,2,Media,Georgia,44000,Reporter,
Neave,52,10,3,Information Technology,Alaska,90000,Infrastructure Engineer,
Zahra,41,10,2,Human Resources,Georgia,72000,Recruiter,
Blaire,40,6,2,Legal,Texas,57000,Lawyer,
Esmee,58,10,8,Culinary,Illinois,95000,Chef,
Fatima,45,10,2,Information Technology,Alaska,131000,Infrastructure Engineer,
Fern,35,20,2,Information Technology,Illinois,77000,Test Engineer,
Hailey,36,10,5,Human Resources,Georgia,144000,Recruiter,
Jess,55,10,6,Media,Alaska,125000,Reporter,
Margaret,35,10,2,Culinary,Alaska,72000,Chef,
Norah,48,10,2,Interior Design,Texas,90000,Architect,
Seren,42,2,7,Interior Design,Alaska,108000,Architect,
Aisha,40,10,2,Information Technology,Georgia,75000,Software Developer,
Arianna,37,5,2,Human Resources,Alaska,74000,Recruiter,
Ariella,47,10,3,Media,Illinois,144000,Reporter,
Brianna,40,10,2,Culinary,Arizona,61000,Chef,
Carly,43,10,2,Human Resources,Texas,133000,Recruiter,
Ella-Rose,59,10,1,Information Technology,Illinois,76000,Software Developer,
Faye,60,4,2,Information Technology,Arizona,42000,Test Engineer,
Felicity,39,10,2,Information Technology,Georgia,106000,Infrastructure Engineer,
Fiadh,57,10,2,Information Technology,New York,26000,Software Developer,
Jennifer,57,10,2,Project Management,Arizona,74000,Manager,
Louisa,38,10,7,Legal,New York,71000,Lawyer,
Mairi,49,10,2,Medicine,Georgia,88000,Doctor,
Maryam,52,10,8,Legal,California,38000,Lawyer,
Melissa,50,10,2,Project Management,Arizona,36000,Manager,
Melody,59,2,2,Interior Design,Georgia,88000,Architect,
Murron,35,10,6,Pyschology,New York,61000,Counsellor,
Pippa,37,10,2,Pyschology,Texas,70000,Counsellor,
Taylor,52,10,2,Legal,New York,21000,Lawyer,
Wiktoria,48,5,2,Medicine,Illinois,141000,Doctor,
Abby,37,10,6,Culinary,New Jersey,93000,Chef,
Annabel,37,10,2,Interior Design,Arizona,62000,Architect,
Bobbi,48,5,5,Project Management,Illinois,138000,Manager,
Erika,41,10,2,Culinary,New Jersey,79000,Chef,
Farrah,37,9,2,Medicine,Arizona,78000,Doctor,
Fearne,39,10,2,Human Resources,Georgia,134000,Manager,
Freyja,49,6,3,Information Technology,California,89000,Software Developer,
Georgina,55,10,2,Information Technology,Arizona,39000,Test Engineer,
Joanna,37,6,9,Information Technology,Alaska,77000,Infrastructure Engineer,
Kali,35,10,2,Information Technology,Texas,57000,Software Developer,
Maggie,36,8,2,Project Management,Alaska,63000,Manager,
Morven,42,10,2,Information Technology,New York,73000,Software Developer,
Neve,43,10,8,Pyschology,New Jersey,112000,Counsellor,
Paisley,45,40,2,Pyschology,New York,79000,Counsellor,
Vaila,46,10,7,Media,Texas,117000,Reporter,
Vivienne,58,8,6,Media,Texas,38000,Reporter,
Wren,48,10,2,Pyschology,New Jersey,74000,Counsellor,
Zainab,37,3,2,Information Technology,Alaska,137000,Software Developer,
Alex,37,10,8,Pyschology,Illinois,79000,Counsellor,
Amaya,40,3,2,Media,Georgia,60000,Reporter,
Ariya,42,10,3,Information Technology,Alaska,54000,Infrastructure Engineer,
Aurla,51,10,2,Human Resources,Georgia,134000,Recruiter,
Avery,47,6,2,Legal,Texas,113000,Lawyer,
Beatrice,36,10,8,Culinary,Illinois,125000,Chef,
Beau,38,10,2,Information Technology,Alaska,50000,Infrastructure Engineer,
Casey,42,20,2,Information Technology,Illinois,70000,Test Engineer,
Christina,39,10,5,Human Resources,Georgia,96000,Recruiter,
Esther,38,10,6,Media,Alaska,50000,Reporter,
Hana,49,10,2,Culinary,Alaska,141000,Chef,
Heather,39,10,2,Interior Design,Texas,79000,Architect,
Josie,39,2,7,Interior Design,Alaska,75000,Architect,
Kate,54,10,2,Information Technology,Georgia,104000,Software Developer,
Keeva,35,5,2,Human Resources,Alaska,55000,Recruiter,
Leila,45,10,3,Media,Illinois,32000,Reporter,
Mary,36,10,2,Culinary,Arizona,60000,Chef,
Winter,52,10,2,Human Resources,Texas,138000,Recruiter,
Aizah,53,10,1,Information Technology,Illinois,82000,Software Developer,
Allie,41,4,2,Information Technology,Arizona,52000,Test Engineer,
Breagha,48,10,2,Information Technology,Georgia,30000,Infrastructure Engineer,
Catherine,48,11,2,Information Technology,New York,131000,Software Developer,
Effie,41,12,2,Project Management,Arizona,60000,Manager,
Emmeline,41,13,7,Legal,New York,72000,Lawyer,
Emmy,42,14,2,Medicine,Georgia,75000,Doctor,
Esmae,36,15,8,Legal,California,118000,Lawyer,
Gabriela,47,16,2,Project Management,Arizona,107000,Manager,
Harlie,38,2,2,Interior Design,Georgia,51000,Architect,
Isabel,48,10,6,Pyschology,New York,119000,Counsellor,
Kiara,42,10,2,Pyschology,Texas,65000,Counsellor,
Lori,40,10,2,Legal,New York,65000,Lawyer,
Mabel,57,5,2,Medicine,Illinois,60000,Doctor,
Madeleine,36,10,6,Culinary,New Jersey,54000,Chef,
Margot,58,10,2,Interior Design,Arizona,144000,Architect,
Mariam,35,5,5,Project Management,Illinois,79000,Manager,
Miriam,38,10,2,Culinary,New Jersey,55000,Chef,
Oliwia,39,9,2,Medicine,Arizona,122000,Doctor,
Reeva,53,10,2,Human Resources,Georgia,104000,Manager,
Una,35,6,3,Information Technology,California,75000,Software Developer,
Alanna,38,10,2,Information Technology,Arizona,65000,Test Engineer,
Amara,47,6,9,Information Technology,Alaska,51000,Infrastructure Engineer,
Amelia-Rose,47,10,2,Information Technology,Texas,105000,Software Developer,
Anya,41,8,2,Project Management,Alaska,63000,Manager,
Aubrey,53,10,2,Information Technology,New York,72000,Software Developer,
Cassie,54,10,8,Pyschology,New Jersey,108000,Counsellor,
Delilah,39,40,2,Pyschology,New York,77000,Counsellor,
Ebony,38,10,7,Media,Texas,61000,Reporter,
Edie,38,8,6,Media,Texas,113000,Reporter,
Eryn,37,10,2,Pyschology,New Jersey,75000,Counsellor,
Everly,42,3,2,Information Technology,Alaska,90000,Software Developer,
Fallon,37,10,8,Pyschology,Illinois,57000,Counsellor,
Harper-Rose,36,3,2,Media,Georgia,99000,Reporter,
Josephine,60,10,3,Information Technology,Alaska,34000,Infrastructure Engineer,
Kaitlyn,54,10,2,Human Resources,Georgia,70000,Recruiter,
Katherine,41,6,2,Legal,Texas,72000,Lawyer,
Kennedy,40,10,8,Culinary,Illinois,71000,Chef,
Klara,42,10,2,Information Technology,Alaska,54000,Infrastructure Engineer,
Lillian,43,20,2,Information Technology,Illinois,129000,Test Engineer,
Minnie,53,10,5,Human Resources,Georgia,34000,Recruiter,
Morgan,47,10,6,Media,Alaska,50000,Reporter,
Myah,42,10,2,Culinary,Alaska,79000,Chef,
Natalie,42,10,2,Interior Design,Texas,104000,Architect,
Nela,59,2,7,Interior Design,Alaska,29000,Architect,
Nevaeh,58,10,2,Information Technology,Georgia,47000,Software Developer,
Nia,46,5,2,Human Resources,Alaska,88000,Recruiter,
Noa,38,10,3,Media,Illinois,71000,Reporter,
Perrie,54,10,2,Culinary,Arizona,26000,Chef,
Pola,60,10,2,Human Resources,Texas,46000,Recruiter,
Remy,60,10,1,Information Technology,Illinois,83000,Software Developer,
Romy,39,4,2,Information Technology,Arizona,73000,Test Engineer,
Sloane,59,10,2,Information Technology,Georgia,130000,Infrastructure Engineer,
Valentina,37,10,2,Information Technology,New York,80000,Software Developer,
Alana,46,10,2,Project Management,Arizona,32000,Manager,
Alexis,46,10,7,Legal,New York,74000,Lawyer,
Aliyah,42,10,2,Medicine,Georgia,53000,Doctor,
Amina,41,10,8,Legal,California,87000,Lawyer,
Anaya,58,10,2,Project Management,Arizona,23000,Manager,
Aya,42,2,2,Interior Design,Georgia,64000,Architect,
Ayesha,48,10,6,Pyschology,New York,33000,Counsellor,
Carla,44,10,2,Pyschology,Texas,139000,Counsellor,
Claudia,49,10,2,Legal,New York,28000,Lawyer,
Demi,57,5,2,Medicine,Illinois,33000,Doctor,
Elara,56,10,6,Culinary,New Jersey,60000,Chef,
Ellie-Mae,49,10,2,Interior Design,Arizona,39000,Architect,
Elspeth,39,5,5,Project Management,Illinois,71000,Manager,
Emelie,47,10,2,Culinary,New Jersey,34000,Chef,
Farah,48,9,2,Medicine,Arizona,35000,Doctor,
Hania,48,10,2,Human Resources,Georgia,33000,Manager,
Haniya,47,6,3,Information Technology,California,23000,Software Developer,
Joy,45,10,2,Information Technology,Arizona,45000,Test Engineer,
Kara,60,6,9,Information Technology,Alaska,42000,Infrastructure Engineer,
Kendall,39,10,2,Information Technology,Texas,59000,Software Developer,
Lacie,46,8,2,Project Management,Alaska,41000,Manager,
Lia,51,10,2,Information Technology,New York,23000,Software Developer,
Marlie,50,10,8,Pyschology,New Jersey,20000,Counsellor,
Michaela,36,40,2,Pyschology,New York,33000,Counsellor,
Nyla,20,10,7,Media,Texas,36000,Reporter,
Pixie,23,8,6,Media,Texas,32000,Reporter,
Polly,50,10,2,Pyschology,New Jersey,20000,Counsellor,
Pyper,32,3,2,Information Technology,Alaska,36000,Software Developer,
Wynter,23,10,8,Pyschology,Illinois,35000,Counsellor,
Yasmin,30,3,2,Media,Georgia,36000,Reporter,
Alayna,24,10,3,Information Technology,Alaska,36000,Infrastructure Engineer,
Alicja,23,10,2,Human Resources,Georgia,31000,Recruiter,
Amira,35,6,2,Legal,Texas,36000,Lawyer,
Ava-Rose,29,10,8,Culinary,Illinois,20000,Chef,
Ayat,34,10,2,Information Technology,Alaska,20001,Infrastructure Engineer,
Camryn,29,20,2,Information Technology,Illinois,20002,Test Engineer,
Carmen,33,10,5,Human Resources,Georgia,30003,Recruiter,
Carys,23,10,6,Media,Alaska,20004,Reporter,
Catriona,28,10,2,Culinary,Alaska,30005,Chef,
Dani,27,10,2,Interior Design,Texas,20006,Architect,
Darci,38,2,7,Interior Design,Alaska,20007,Architect,
Eilish,28,10,2,Information Technology,Georgia,40000,Software Developer,
Ferne,23,5,2,Human Resources,Alaska,40001,Recruiter,
Hali,50,10,3,Media,Illinois,40002,Reporter,
Hareem,23,10,2,Culinary,Arizona,40003,Chef,
Harleigh,23,10,2,Human Resources,Texas,40004,Recruiter,
Hayden,50,10,1,Information Technology,Illinois,42005,Software Developer,
Jade,23,4,2,Information Technology,Arizona,40006,Test Engineer,
Juliet,23,10,2,Information Technology,Georgia,43007,Infrastructure Engineer,
Kallie,24,7,2,Information Technology,New York,40008,Software Developer,
Karis,25,10,2,Project Management,Arizona,40009,Manager,
Kayleigh,26,9,7,Legal,New York,45010,Lawyer,
Leona,27,10,2,Medicine,Georgia,40011,Doctor,
Lila,28,12,8,Legal,California,40012,Lawyer,
Maisy,29,10,2,Project Management,Arizona,46013,Manager,
Meghan,23,2,2,Interior Design,Georgia,40014,Architect,
Melanie,65,10,6,Pyschology,New York,40015,Counsellor,
Mirryn,35,14,2,Pyschology,Texas,48016,Counsellor,
Nellie,36,10,2,Legal,New York,40017,Lawyer,
Nuala,37,5,2,Medicine,Illinois,40018,Doctor,
Pearl,38,10,6,Culinary,New Jersey,40019,Chef,
Rachael,39,10,2,Interior Design,Arizona,56020,Architect,
Rona,23,5,5,Project Management,Illinois,40021,Manager,
Rylee,48,10,2,Culinary,New Jersey,40022,Chef,
Ryleigh,23,9,2,Medicine,Arizona,57023,Doctor,
Safa,23,10,2,Human Resources,Georgia,40024,Manager,
Siena,23,6,3,Information Technology,California,60025,Software Developer,
Skyler,25,10,2,Information Technology,Arizona,50026,Test Engineer,
Sydney,72,6,9,Information Technology,Alaska,50027,Infrastructure Engineer,
Tara,23,10,2,Information Technology,Texas,40028,Software Developer,
Zarah,23,8,2,Project Management,Alaska,40029,Manager,
Aida,23,10,2,Information Technology,New York,56030,Software Developer,
Aiza,41,10,8,Pyschology,New Jersey,40031,Counsellor,
Alaya,23,40,2,Pyschology,New York,57032,Counsellor,
Alia,25,10,7,Media,Texas,40033,Reporter,
Alicia,23,8,6,Media,Texas,58034,Reporter,
Alix,50,10,2,Pyschology,New Jersey,40035,Counsellor,
Amal,23,3,2,Information Technology,Alaska,59000,Software Developer,
Aubree,27,10,8,Pyschology,Illinois,40037,Counsellor,
Ava-Grace,28,3,2,Media,Georgia,60000,Reporter,
Blanka,29,10,3,Information Technology,Alaska,60039,Infrastructure Engineer,
Blayke,30,10,2,Human Resources,Georgia,58000,Recruiter,
Cadence,31,6,2,Legal,Texas,40041,Lawyer,
Caitlyn,32,6,8,Culinary,Illinois,75000,Chef,
Cassidy,33,2,2,Information Technology,Alaska,74000,Infrastructure Engineer,
Celeste,34,10,2,Information Technology,Illinois,64001,Test Engineer,
Chelsea,23,10,5,Human Resources,Georgia,74002,Recruiter,
Chiara,28,11,6,Media,Alaska,54003,Reporter,
Constance,65,12,2,Culinary,Alaska,44004,Chef,
Eadie,23,10,2,Interior Design,Texas,45005,Architect,
Ellen,23,2,7,Interior Design,Alaska,64006,Architect,
Etta,50,10,2,Information Technology,Georgia,74007,Software Developer,
Hailie,51,5,2,Human Resources,Alaska,64008,Recruiter,
India,52,8,3,Media,Illinois,56009,Reporter,
Ivy-Rose,53,10,2,Culinary,Arizona,74010,Chef,
Jorgia,54,10,2,Human Resources,Texas,56011,Recruiter,
Kiana,55,10,1,Information Technology,Illinois,57012,Software Developer,
Kyla,48,4,2,Information Technology,Arizona,74013,Test Engineer,
Louise,49,10,2,Information Technology,Georgia,74014,Infrastructure Engineer,
Margo,50,6,2,Information Technology,New York,74015,Software Developer,
Merida,51,7,2,Project Management,Arizona,77016,Manager,
Milana,52,8,7,Legal,New York,68017,Lawyer,
Milly,53,9,2,Medicine,Georgia,58018,Doctor,
Miya,54,10,8,Legal,California,74019,Lawyer,
Mylie,55,10,2,Project Management,Arizona,64020,Manager,
Nancy,23,2,2,Interior Design,Georgia,74021,Architect,
Nell,65,10,6,Pyschology,New York,74022,Counsellor,
Olivia-Rose,37,11,2,Pyschology,Texas,43023,Counsellor,
Raya,23,12,2,Legal,New York,74024,Lawyer,
Rhona,23,5,2,Medicine,Illinois,56025,Doctor,
Roisin,23,10,6,Culinary,New Jersey,74026,Chef,
Ruth,25,10,2,Interior Design,Arizona,54027,Architect,
Sofie,23,5,5,Project Management,Illinois,74028,Manager,
Susanna,48,10,2,Culinary,New Jersey,35029,Chef,
Syeda,23,9,2,Medicine,Arizona,74030,Doctor,
Sylvie,23,10,2,Human Resources,Georgia,38031,Manager,
Verity,23,6,3,Information Technology,California,57032,Software Developer,
Adeline,25,10,2,Information Technology,Arizona,47033,Test Engineer,
Adriana,72,6,9,Information Technology,Alaska,67034,Infrastructure Engineer,
Ailie,23,10,2,Information Technology,Texas,87035,Software Developer,
Alaia,23,8,2,Project Management,Alaska,47036,Manager,
Aleksandra,23,10,2,Information Technology,New York,65037,Software Developer,
Alexandria,41,10,8,Pyschology,New Jersey,68038,Counsellor,
Alissa,23,12,10,Pyschology,New York,90039,Counsellor,
Ana,25,4,7,Media,Texas,83040,Reporter,
,,,,,,,,
,,,,,,,,
,,,,,,,,
,,,,,,,,
,,,,,,,,
,,,,,,,,
,,,,,,,,
,,,,,,,,
,,,,,,,,
,,,,,,,,
,,,,,,,,
